title,rating,description,air_date
S1.E1 ∙ The One Where Monica Gets a Roommate,8.1/10 (9.9K),"Monica and the gang introduce Rachel to the ""real world"" after she leaves her fiancé at the altar.","Thu, Sep 22, 1994"
S1.E2 ∙ The One with the Sonogram at the End,7.9/10 (7.7K),Ross finds out his ex-wife is pregnant. Rachel returns her engagement ring to Barry. Monica becomes stressed when her and Ross's parents come to visit.,"Thu, Sep 29, 1994"
S1.E3 ∙ The One with the Thumb,8.0/10 (7.2K),Monica becomes irritated when everyone likes her new boyfriend more than she does. Chandler resumes his smoking habit. Phoebe is given $7000 when she finds a thumb in a can of soda.,"Thu, Oct 6, 1994"
S1.E4 ∙ The One with George Stephanopoulos,7.9/10 (7K),"Joey and Chandler take Ross to a hockey game to take his mind off the anniversary of the first time he slept with Carol, while the girls become depressed when they realize they don't have a 'plan'.","Thu, Oct 13, 1994"
S1.E5 ∙ The One with the East German Laundry Detergent,8.3/10 (7K),"Eager to spend time with Rachel, Ross pretends his washroom is rat-infested so he can join her at the laundromat. Meanwhile, Joey has Monica pose as his girlfriend, and Chandler struggles to break up with his girlfriend.","Thu, Oct 20, 1994"
S1.E6 ∙ The One with the Butt,8.0/10 (6.7K),Monica's obsessiveness is put to the test after Rachel cleans the apartment. Joey lands a film role as Al Pacino's butt double. Chandler enjoys a relationship with all of the fun but none of the responsibility.,"Thu, Oct 27, 1994"
S1.E7 ∙ The One with the Blackout,8.9/10 (8.4K),"When New York suffers from a blackout, Ross tries to tell Rachel that he likes her, and Chandler gets stuck in an ATM vestibule with a model.","Thu, Nov 3, 1994"
S1.E8 ∙ The One Where Nana Dies Twice,7.9/10 (6.5K),Monica and Ross mourn the loss of their grandmother. Chandler is shocked to find that people think he is gay.,"Thu, Nov 10, 1994"
S1.E9 ∙ The One Where Underdog Gets Away,8.1/10 (6.3K),The gang's plans for Thanksgiving go awry after they get locked out of Monica and Rachel's apartment.,"Thu, Nov 17, 1994"
S1.E10 ∙ The One with the Monkey,7.9/10 (6.3K),The gang make (and break) a pact not to bring dates to their New Years Eve party. Phoebe starts dating a scientist. Ross compensates for his loneliness by getting a monkey.,"Thu, Dec 15, 1994"
S1.E11 ∙ The One with Mrs. Bing,8.0/10 (6.2K),"Chandler's flamboyant romance-novelist mother comes to visit, and Joey catches her kissing Ross. Meanwhile, Monica and Phoebe fight over a guy in a coma.","Thu, Jan 5, 1995"
S1.E12 ∙ The One with the Dozen Lasagnas,8.0/10 (6.1K),Rachel and Paolo's relationship hits a snag when he makes a pass at Phoebe. Ross refuses to find out the sex of his baby until it's born. Chandler and Joey go shopping for a new kitchen table.,"Thu, Jan 12, 1995"
S1.E13 ∙ The One with the Boobies,8.5/10 (6.5K),Joey finds out his dad has a mistress. Rachel tries to even the score after Chandler inadvertently catches a glimpse of her breasts. Phoebe dates a shrink who analyzes the gang.,"Thu, Jan 19, 1995"
S1.E14 ∙ The One with the Candy Hearts,8.1/10 (6K),"As Valentine's Day approaches; Ross and his date end up at the same restaurant as Carol and Susan, Joey inadvertently sets Chandler up on a blind date with Janice, and the girls burn mementos of their old boyfriends.","Thu, Feb 9, 1995"
S1.E15 ∙ The One with the Stoned Guy,8.1/10 (6.1K),"Monica cooks a gourmet meal for a restaurateur who is looking for a new chef, however he arrives at the apartment stoned. Meanwhile, Ross tries to master 'dirty talk'.","Thu, Feb 16, 1995"
S1.E16 ∙ The One with Two Parts: Part 1,8.0/10 (6K),Phoebe feels neglected when Joey falls for her twin sister. Chandler struggles to fire an attractive co-worker. Ross attends Lamaze classes with Carol and Susan.,"Thu, Feb 23, 1995"
S1.E17 ∙ The One with Two Parts: Part 2,8.3/10 (6.1K),"Rachel switches identities with Monica so she can use her health insurance. Meanwhile, Ursula continues to come between Phoebe and Joey.","Thu, Feb 23, 1995"
S1.E18 ∙ The One with All the Poker,8.7/10 (6.7K),"As Rachel interviews for a new job, the girls take on the guys in a game of poker.","Thu, Mar 2, 1995"
S1.E19 ∙ The One Where the Monkey Gets Away,7.9/10 (5.8K),The gang frantically search for Ross's monkey Marcel after Rachel loses him.,"Thu, Mar 9, 1995"
S1.E20 ∙ The One with the Evil Orthodontist,7.7/10 (5.8K),"Rachel and Barry start dating again, despite the fact that he's now engaged to Mindy; Chandler goes nuts when a woman he likes won't return his phone calls.","Thu, Apr 6, 1995"
S1.E21 ∙ The One with the Fake Monica,7.6/10 (5.9K),Monica befriends the woman who stole her credit card. Ross is forced to give away Marcel. Joey tries to come up with a less ethnic-sounding stage name.,"Thu, Apr 27, 1995"
S1.E22 ∙ The One with the Ick Factor,8.1/10 (5.8K),Monica gets a shock when she finds out her boyfriend is a high school student. Chandler finds out his colleagues don't like him when Phoebe temps as his secretary.,"Thu, May 4, 1995"
S1.E23 ∙ The One with the Birth,8.6/10 (6.1K),"As Carol goes into labor; Ross and Susan argue, Rachel flirts with Carol's doctor, and Joey assists a pregnant single mother.","Thu, May 11, 1995"
S1.E24 ∙ The One Where Rachel Finds Out,8.7/10 (6.5K),"As Ross leaves for China, Chandler accidentally reveals Ross's feelings for Rachel. Joey takes part in a fertility study and is unable to sleep with his new girlfriend.","Thu, May 18, 1995"
S2.E1 ∙ The One with Ross's New Girlfriend,8.4/10 (6K),"Rachel waits for Ross at the airport, unaware he has a new girlfriend. Meanwhile, Chandler has a frightening experience with Joey's tailor, and Phoebe gives Monica a bad haircut.","Thu, Sep 21, 1995"
S2.E2 ∙ The One with the Breast Milk,8.0/10 (5.7K),"Monica goes shopping with Julie and tries to keep it a secret from Rachel. Ross is grossed out by Carol's breast milk. At his day job, Joey competes with a fellow cologne spritzer.","Thu, Sep 28, 1995"
S2.E3 ∙ The One Where Heckles Dies,8.2/10 (5.7K),"Mr. Heckles dies and leaves all his possessions to Monica and Rachel, Chandler worries he will die alone just like him. Meanwhile, Rachel and Monica argue over a lamp, Phoebe and Ross argue over evolution.","Thu, Oct 5, 1995"
S2.E4 ∙ The One with Phoebe's Husband,7.8/10 (5.5K),"When the gang find out Phoebe married a gay Canadian ice dancer for a green card, more of their secrets are revealed. Meanwhile, Rachel gives Ross bad advice on his relationship with Julie.","Thu, Oct 12, 1995"
S2.E5 ∙ The One with Five Steaks and an Eggplant,8.1/10 (5.6K),"The gang are divided by income issues; Monica, Ross and Chandler make more money, while Rachel, Phoebe, and Joey don't. Chandler also uses a case of mistaken identity to his advantage.","Thu, Oct 19, 1995"
S2.E6 ∙ The One with the Baby on the Bus,8.4/10 (5.9K),"Joey and Chandler are left to babysit Ben when Monica takes Ross to the hospital. Meanwhile, Phoebe loses her singing gig at Central Perk to a professional singer.","Thu, Nov 2, 1995"
S2.E7 ∙ The One Where Ross Finds Out,8.9/10 (6.8K),"A drunken Rachel calls Ross and reveals her feelings for him on his answering machine. Meanwhile, Monica keeps busy by being Chandler's personal trainer and Phoebe constantly wonders why her current boyfriend won't sleep with her.","Thu, Nov 9, 1995"
S2.E8 ∙ The One with the List,8.3/10 (5.6K),"With help from Chandler and Joey, Ross makes a list of pros and cons to decide whether to be with Julie or Rachel. Meanwhile, Monica gets a job making dessert with a disgusting synthetic chocolate substitute.","Thu, Nov 16, 1995"
S2.E9 ∙ The One with Phoebe's Dad,7.8/10 (5.3K),"Phoebe tracks down her father, but isn't sure whether she should meet him.","Thu, Dec 14, 1995"
S2.E10 ∙ The One with Russ,7.8/10 (5.6K),Monica gets back together with 'Fun Bobby' and realizes why he is always so upbeat. Rachel starts dating a guy called Russ who bears an uncanny resemblance to Ross.,"Thu, Jan 4, 1996"
S2.E11 ∙ The One with the Lesbian Wedding,7.9/10 (5.5K),Rachel's mom comes to visit with big news. Monica caters Carol and Susan's wedding. Phoebe becomes 'possessed' by the spirit of a recently deceased client.,"Thu, Jan 18, 1996"
S2.E12 ∙ The One After the Superbowl: Part 1,8.5/10 (5.8K),Ross goes to visit Marcel whilst on a trip to California and discovers he is working in commercials. Joey receives a fan letter from an attractive but unstable woman. Phoebe is asked to sing for children at a library.,"Sun, Jan 28, 1996"
S2.E13 ∙ The One After the Superbowl: Part 2,8.7/10 (6K),"Ross finds Marcel on the set of a new movie, where Chandler bumps into a former schoolmate. Meanwhile, Rachel and Monica compete for the affections of Jean-Claude Van Damme.","Sun, Jan 28, 1996"
S2.E14 ∙ The One with the Prom Video,9.3/10 (8.5K),Monica struggles to tell her parents she is unemployed. Joey gives Chandler a hideous bracelet. The gang watch a video from Monica and Rachel's prom.,"Thu, Feb 1, 1996"
S2.E15 ∙ The One Where Ross and Rachel... You Know,8.7/10 (6K),Monica becomes infatuated with a friend of her parents when she caters a party for him. Ross and Rachel go on their first date. Joey and Chandler refuse to move when they get a new TV and two armchairs.,"Thu, Feb 8, 1996"
S2.E16 ∙ The One Where Joey Moves Out,8.5/10 (5.4K),Joey and Chandler's friendship is jeopardized when Joey decides to move out. Monica worries about her parents finding out about her relationship with Richard when they attend a party together. Rachel and Phoebe go to get tattoos.,"Thu, Feb 15, 1996"
S2.E17 ∙ The One Where Eddie Moves In,8.1/10 (5.3K),"Chandler gets a new roommate. Phoebe gets the chance to make a music video for her song ""Smelly Cat"". Ross and Monica clash when he is always at her and Rachel's apartment.","Thu, Feb 22, 1996"
S2.E18 ∙ The One Where Dr. Ramoray Dies,8.3/10 (5.3K),"Joey's soap opera character is killed off after he brags in an interview that he writes his own lines. Chandler is unnerved by Eddie's strange behavior, while Ross and Rachel compare their past lovers as do Richard and Monica.","Thu, Mar 21, 1996"
S2.E19 ∙ The One Where Eddie Won't Go,8.4/10 (5.4K),"Chandler demands that Eddie move out; however, he doesn't seem to get the message. Meanwhile, a book on empowerment for women inspires the girls. In order to pay his bills, Ross convinces Joey to audition for a role he doesn't want.","Thu, Mar 28, 1996"
S2.E20 ∙ The One Where Old Yeller Dies,8.0/10 (5.1K),Phoebe's world view is shattered when she learns how Old Yeller really ends. Monica becomes jealous when Richard starts hanging out with Chandler and Joey. Rachel panics when she learns that Ross has planned their whole life together.,"Thu, Apr 4, 1996"
S2.E21 ∙ The One with the Bullies,8.0/10 (5.2K),Chandler and Ross run into two bullies at Central Perk. Monica tries her luck at the stock market to avoid taking a job at a 1950s themed diner. Phoebe drives upstate for a second time to meet her father while Joey and Rachel accompany her.,"Thu, Apr 25, 1996"
S2.E22 ∙ The One with the Two Parties,8.9/10 (6.5K),"Chaos ensues when Rachel's recently divorced parents show up at her surprise birthday party, so the gang has to find ways to keep her parents separated otherwise they'll start fighting.","Thu, May 2, 1996"
S2.E23 ∙ The One with the Chicken Pox,7.9/10 (5.2K),Phoebe catches chicken pox just as an old flame arrives in town on leave from the Navy. Joey gets a job at Chandler's office. Monica is upset that Richard doesn't have any quirks.,"Thu, May 9, 1996"
S2.E24 ∙ The One with Barry and Mindy's Wedding,8.1/10 (5.2K),Rachel reluctantly agrees to be maid of honor at her ex-fiancé Barry's wedding. Monica ponders her future with Richard. Joey has to practice kissing guys to get a role in Warren Beatty's new movie but Ross and Chandler are unwilling to help him.,"Thu, May 16, 1996"
S3.E1 ∙ The One with the Princess Leia Fantasy,8.3/10 (5.4K),Monica suffers from insomnia and depression following her breakup with Richard. Joey struggles to accept Chandler and Janice's relationship. Ross confides in Rachel about one of his fantasies.,"Thu, Sep 19, 1996"
S3.E2 ∙ The One Where No One's Ready,8.9/10 (7.3K),"A stressed Ross desperately and insistently tries to get the rest of the gang ready for a black tie event at the museum, while Joey and Chandler clash over personal belongings and personal space.","Thu, Sep 26, 1996"
S3.E3 ∙ The One with the Jam,7.9/10 (5.2K),Monica tries to get over Richard by using her free time to make jam and considers artificial insemination through a sperm bank. Phoebe is stalked by a man who mistakes her for Ursula.,"Thu, Oct 3, 1996"
S3.E4 ∙ The One with the Metaphorical Tunnel,7.9/10 (5K),Chandler tries to get over his fear of commitment. Phoebe poses as Joey's agent after she forgets to tell him about an audition. Ross panics after seeing Ben play with a Barbie doll and tries to convince him to play with more manly toys.,"Thu, Oct 10, 1996"
S3.E5 ∙ The One with Frank Jr.,8.0/10 (5.1K),Phoebe has trouble bonding with her half-brother Frank when he comes to visit. Joey attempts to build an entertainment center. Ross is challenged to name the five celebrities he'd like to sleep with most.,"Thu, Oct 17, 1996"
S3.E6 ∙ The One with the Flashback,9.0/10 (6.6K),"The gang remember the events three years ago, when several of them almost slept together.","Thu, Oct 31, 1996"
S3.E7 ∙ The One with the Race Car Bed,8.1/10 (5K),Monica buys a bed from Janice's soon to be ex husband. Ross and Rachel have dinner with Rachel's father. Joey leads an acting class.,"Thu, Nov 7, 1996"
S3.E8 ∙ The One with the Giant Poking Device,8.2/10 (5K),Chandler is devastated after Joey tells him he saw Janice kissing her ex-husband. Monica accidentally bumps Ben's head into a post when she and Rachel babysit. Phoebe is paranoid if she goes to dentist someone she knows will die.,"Thu, Nov 14, 1996"
S3.E9 ∙ The One with the Football,8.9/10 (6.9K),"Old sibling rivalry between Monica and Ross resurfaces and postpones Thanksgiving dinner when the gang decide to play a game of ""touch"" football.","Thu, Nov 21, 1996"
S3.E10 ∙ The One Where Rachel Quits,8.0/10 (5.1K),Ross accidentally breaks a little girl's leg and tries to help her sell boxes of cookies which recreates Monica's childhood fixation. Rachel quits her job at Central Perk and Joey's Christmas tree selling conflicts with Phoebe's principles.,"Thu, Dec 12, 1996"
S3.E11 ∙ The One Where Chandler Can't Remember Which Sister,8.4/10 (5.2K),A drunken Chandler fools around with one of Joey's sisters - but he can't remember which one. Ross becomes skeptical when a guy at the diner gets Rachel an interview for a position at Bloomingdales.,"Thu, Jan 9, 1997"
S3.E12 ∙ The One with All the Jealousy,8.1/10 (5K),"Ross becomes insanely jealous of Mark. Monica hooks up with a co-worker, who writes her a poem with a hidden meaning. One of Joey's numerous lies on his resume is exposed when he takes part in a Broadway production.","Thu, Jan 16, 1997"
S3.E13 ∙ The One Where Monica and Richard Are Just Friends,8.1/10 (5K),"Monica's willpower is tested when she bumps into Richard. Joey and Rachel exchange their favorite books. Phoebe dates an athletic guy who doesn't realize he has a ""wardrobe malfunction"".","Thu, Jan 30, 1997"
S3.E14 ∙ The One with Phoebe's Ex-Partner,7.7/10 (5K),Phoebe is reunited with her former singing partner. Chandler dates a woman with a prosthetic leg. Ross goes to a fashion lecture with Rachel when he hears she is going with Mark.,"Thu, Feb 6, 1997"
S3.E15 ∙ The One Where Ross and Rachel Take a Break,8.4/10 (5.4K),Ross seeks solace at a party after a bitter fight with Rachel and ends up in the arms of another woman; Phoebe's date needs an interpreter to communicate.,"Thu, Feb 13, 1997"
S3.E16 ∙ The One with the Morning After,9.0/10 (6.5K),"Ross is guilt-ridden after sleeping with Chloe and desperately tries to stop Rachel from finding out and when she does, the rest of the gang listen to them argue and end up trapped in Monica's room for the rest of the night.","Thu, Feb 20, 1997"
S3.E17 ∙ The One Without the Ski Trip,8.2/10 (5K),"Monica, Chandler, Phoebe and Joey become stuck in the middle of Ross and Rachel's fight following their break-up.","Thu, Mar 6, 1997"
S3.E18 ∙ The One with the Hypnosis Tape,8.2/10 (5.1K),Monica goes out with a guy who turns out to be a software billionaire. Chandler's stop smoking hypnosis tape has an unexpected side effect. Phoebe's brother Frank makes a surprise announcement that he is getting married - to a woman twice his age.,"Thu, Mar 13, 1997"
S3.E19 ∙ The One with the Tiny T-Shirt,8.0/10 (4.9K),"Rachel goes on her first date, after splitting from Ross, with Mark. Joey clashes with his co-star in his new play. Monica continues to date Pete, even though she is still not attracted to him.","Thu, Mar 27, 1997"
S3.E20 ∙ The One with the Dollhouse,7.9/10 (4.9K),"Monica's aunt dies and leaves her an antique dollhouse that she doesn't want Phoebe to play with; Rachel regrets setting up Chandler with her boss, Joanna.","Thu, Apr 10, 1997"
S3.E21 ∙ The One with the Chick and the Duck,8.6/10 (5.2K),"Joey buys a chick for him and Chandler, Pete offers Monica a job at his restaurant but she is undecided if she should accept it. Ross shows his continued feelings for Rachel when he gives up being on TV for her.","Thu, Apr 17, 1997"
S3.E22 ∙ The One with the Screamer,8.1/10 (4.9K),"Ross witnesses Rachel's date screaming at people. Meanwhile, Joey becomes upset when Kate is offered a job in Los Angeles; Phoebe refuses to hang up the phone when she is placed on hold by her phone company.","Thu, Apr 24, 1997"
S3.E23 ∙ The One with Ross's Thing,7.9/10 (4.9K),Ross seeks medical help when he finds a mysterious skin condition on his backside. Phoebe struggles to choose between two guys; Monica can't decide what to do about Pete when she thinks he is going to propose.,"Thu, May 1, 1997"
S3.E24 ∙ The One with the Ultimate Fighting Champion,8.0/10 (5.1K),Monica struggles to support Pete in his goal to become the Ultimate Fighting Champion. Chandler is uneasy when his boss playfully slaps his butt. Rachel becomes jealous when Ross starts dating a woman that was introduced to him by Phoebe.,"Thu, May 8, 1997"
S3.E25 ∙ The One at the Beach,8.7/10 (5.6K),"While at the beach, Phoebe meets a family friend with links to her past; Ross discovers that Rachel still loves him and must decide between her and Bonnie.","Thu, May 15, 1997"
S4.E1 ∙ The One with the Jellyfish,8.9/10 (6.3K),"Ross chooses between Rachel and his bald-headed girlfriend Bonnie; Joey, Chandler, and Monica have a perilous encounter with a jellyfish at the beach.","Thu, Sep 25, 1997"
S4.E2 ∙ The One with the Cat,7.9/10 (5K),Phoebe becomes convinced that the spirit of her dead mother is inside a cat. Chandler and Joey are robbed. Monica goes on a date with a guy from her high school.,"Thu, Oct 2, 1997"
S4.E3 ∙ The One with the 'Cuffs,8.4/10 (5.1K),Monica tries to avoid criticism when she caters a party for her mother. Chandler ends up half naked and handcuffed to a chair in Rachel's boss's office. Joey tries to get educated from a salesman trying to sell him a set of encyclopedias.,"Thu, Oct 9, 1997"
S4.E4 ∙ The One with the Ballroom Dancing,8.0/10 (4.9K),Joey is forced to help Treeger learn how to dance after he threatens to have Monica and Rachel evicted. Phoebe develops a crush on one of her clients. Ross tries to help Chandler quit the gym.,"Thu, Oct 16, 1997"
S4.E5 ∙ The One with Joey's New Girlfriend,8.2/10 (4.9K),Chandler develops feelings for Joey's new girlfriend. Ross and Rachel try to make each other jealous with their dates. Phoebe's cold gives her a sexy singing voice.,"Thu, Oct 30, 1997"
S4.E6 ∙ The One with the Dirty Girl,8.4/10 (5K),Ross's new girlfriend is nearly perfect until he discovers her apartment is very dirty. Chandler buys a better birthday present for Kathy than Joey. Phoebe helps Monica cater an event. Rachel is obsessed at finishing a crossword puzzle by herself.,"Thu, Nov 6, 1997"
S4.E7 ∙ The One Where Chandler Crosses the Line,8.6/10 (5.1K),Chandler is guilt-ridden after kissing Kathy. Ross starts playing the keyboard again and everyone except Phoebe thinks he's terrible. Joey dates someone else while still attached to Kathy.,"Thu, Nov 13, 1997"
S4.E8 ∙ The One with Chandler in a Box,9.0/10 (6.3K),Chandler tries to earn Joey's forgiveness by lying in a wooden box for six hours. Monica accidentally gets ice in her eye and her doctor turns out to be Richard's son and it's discovered Rachel exchanges the gifts she received in the past.,"Thu, Nov 20, 1997"
S4.E9 ∙ The One Where They're Going to Party!,7.7/10 (4.7K),Monica ends up having to choose between a head chef position or the catering business she started with Phoebe. Rachel is close to getting a promotion but tragedy strikes. Chandler and Ross are excited when an old friend is coming to town.,"Thu, Dec 11, 1997"
S4.E10 ∙ The One with the Girl from Poughkeepsie,7.9/10 (4.7K),"In order for her kitchen staff to acknowledge her authority, Monica hires Joey so she can fire him in front of them. Chandler unsuccessfully tries to set Rachel up with a co-worker. Ross can't choose between two girls.","Thu, Dec 18, 1997"
S4.E11 ∙ The One with Phoebe's Uterus,8.4/10 (5.1K),Newlyweds Frank and Alice ask Phoebe to be their surrogate. Joey gets a job as a tour guide at Ross's museum. Chandler asks Monica and Rachel for advice on how to sexually satisfy Kathy.,"Thu, Jan 8, 1998"
S4.E12 ∙ The One with the Embryos,9.4/10 (9.3K),"Phoebe's uterus is examined for implantation of the embryos. Meanwhile, a seemingly harmless game between Chandler and Joey against Monica and Rachel escalates into a full blown contest where the stakes are raised higher and higher.","Thu, Jan 15, 1998"
S4.E13 ∙ The One with Rachel's Crush,8.1/10 (4.7K),"After seeing Kathy's play, Chandler becomes convinced she is cheating on him with her co-star. Rachel develops a crush on one of her customers. Monica becomes jealous when she realizes she is no longer the 'hostess'.","Thu, Jan 29, 1998"
S4.E14 ∙ The One with Joey's Dirty Day,8.1/10 (4.8K),"Joey arrives on the set of his latest movie unwashed, after a three-day fishing trip with his dad. Rachel sets up Ross with the niece of her boss. Chandler goes through three phrases to help recover from Kathy cheating on him.","Thu, Feb 5, 1998"
S4.E15 ∙ The One with All the Rugby,8.4/10 (5K),"Chandler runs into Janice, and finds her more irritating than ever. Meanwhile, Ross attempts to learn how to play rugby to impress Emily and Monica obsesses over a electric switch.","Thu, Feb 26, 1998"
S4.E16 ∙ The One with the Fake Party,8.0/10 (4.8K),Rachel organizes a fake good bye party for Emily so she can spend time with Joshua. A side effect from her pregnancy causes Phoebe to have a craving for meat.,"Thu, Mar 19, 1998"
S4.E17 ∙ The One with the Free Porn,8.5/10 (4.9K),Chandler and Joey discover that they're getting a free porn channel on their TV. Monica encourages Ross to tell Emily he loves her just before she leaves for London. Phoebe gets a shock when she visits her OB-GYN.,"Thu, Mar 26, 1998"
S4.E18 ∙ The One with Rachel's New Dress,8.1/10 (4.7K),Rachel has an awkward encounter with Joshua's parents. Phoebe is offered the chance to name one of the triplets. Ross becomes paranoid when Emily goes to London with Susan.,"Thu, Apr 2, 1998"
S4.E19 ∙ The One with All the Haste,8.6/10 (5K),Ross proposes to Emily. Monica and Rachel try to win their apartment back from Chandler and Joey.,"Thu, Apr 9, 1998"
S4.E20 ∙ The One with All the Wedding Dresses,8.4/10 (4.9K),"Monica tries on Emily's wedding dress, and can't stop wearing it. Jealous of Ross's proposal to Emily, Rachel tries to talk Joshua into marriage. Chandler takes Joey to a sleep clinic when he starts snoring.","Thu, Apr 16, 1998"
S4.E21 ∙ The One with the Invitation,6.9/10 (5.2K),"As Ross and Emily send out wedding invitations, he and Rachel each look back on their relationship together while Joey and Chandler look for a purpose in life.","Thu, Apr 23, 1998"
S4.E22 ∙ The One with the Worst Best Man Ever,8.3/10 (4.8K),"At first Ross chooses Joey to be his best man but after a mishap at his bachelor party, he decides he wants both Joey and Chandler as his best men. Phoebe's mood swings makes Monica and Rachel nervous.","Thu, Apr 30, 1998"
S4.E23 ∙ The One with Ross's Wedding,8.6/10 (5.2K),Phoebe tries to help Rachel deal with her feelings for Ross as the rest of the gang head to London for Ross and Emily's wedding.,"Thu, May 7, 1998"
S4.E24 ∙ The One with Ross's Wedding: Part 2,9.1/10 (6.5K),Phoebe tries to warn the gang that Rachel is coming to London to tell Ross she still loves him. Ross and Emily's parents get into an argument over the bill for the wedding. Monica and Chandler sleep together. The wedding ends with a gaffe.,"Thu, May 7, 1998"
S5.E1 ∙ The One After Ross Says Rachel,8.8/10 (5.5K),"A humiliated Emily runs away after Ross says Rachel's name at the altar. Meanwhile, Chandler and Monica struggle to get time alone together.","Thu, Sep 24, 1998"
S5.E2 ∙ The One with All the Kissing,8.9/10 (5.7K),Chandler must constantly kiss the girls to cover up a kiss he gave to Monica to hide their affair. Phoebe gets irritated when the gang constantly talk about London. Rachel puts Monica in charge of her love life. Ross tries to contact Emily.,"Thu, Oct 1, 1998"
S5.E3 ∙ The One Hundredth,8.7/10 (5.2K),"The gang take Phoebe to the hospital after she goes into labor. Monica threatens to go on a date with a male nurse after Chandler claims they are ""just goofing around."" Joey gets treated for kidney stones.","Thu, Oct 8, 1998"
S5.E4 ∙ The One Where Phoebe Hates PBS,8.1/10 (4.7K),Ross finally gets in touch with Emily and they try to work it out. Chandler gloats after Rachel reveals that Monica's secret boyfriend is the best sex she ever had. Phoebe and Joey debate if a selfless good deed exists.,"Sun, Oct 18, 1998"
S5.E5 ∙ The One with the Kips,8.6/10 (5K),Chandler and Monica go away for the weekend but spend the entire time fighting. Ross tries to tell Rachel about his agreement with Emily.,"Thu, Oct 29, 1998"
S5.E6 ∙ The One with the Yeti,7.9/10 (4.7K),Monica and Rachel think that Bigfoot has moved into their building; Emily and Ross end their marriage after Ross refuses to end his friendship with Rachel.,"Thu, Nov 5, 1998"
S5.E7 ∙ The One Where Ross Moves In,8.2/10 (4.7K),Ross moves in with Chandler and Joey after Emily's cousin kicks him out of his apartment. Phoebe dates a health inspector. Rachel plays hard-to-get with Danny.,"Thu, Nov 12, 1998"
S5.E8 ∙ The One with All the Thanksgivings,9.0/10 (6.4K),The gang remember and share with each other their worst Thanksgivings.,"Thu, Nov 19, 1998"
S5.E9 ∙ The One with Ross's Sandwich,9.0/10 (6K),Joey finds himself constantly covering for Chandler and Monica's affair. Ross becomes angry when someone at work eats his sandwich. Phoebe and Rachel enroll in a literature class.,"Thu, Dec 10, 1998"
S5.E10 ∙ The One with the Inappropriate Sister,8.0/10 (4.6K),A bored Ross wreaks havoc in Chandler and Joey's lives. Rachel is uncomfortable with Danny's unusually close relationship with his sister. Phoebe runs into trouble whilst collecting donations for the poor during Christmas.,"Thu, Dec 17, 1998"
S5.E11 ∙ The One with All the Resolutions,9.0/10 (5.8K),The gang make their New Years resolutions. Chandler struggles to not make jokes about everyone. Joey learns how to learn to play the guitar and Rachel decides not to gossip. Ross runs into trouble when he wears leather pants on a date.,"Thu, Jan 7, 1999"
S5.E12 ∙ The One with Chandler's Work Laugh,8.1/10 (4.6K),Monica becomes annoyed at how Chandler sucks up to his boss. Rachel tries to confront Monica about her relationship with Chandler. Ross hooks up with Janice when he finds out Emily is getting married.,"Thu, Jan 21, 1999"
S5.E13 ∙ The One with Joey's Bag,7.9/10 (4.6K),"Phoebe's grandmother dies, and Phoebe is shocked when her father turns up at the funeral. Meanwhile, Rachel gives Joey a ""man's bag"" for an audition, and Chandler is scared to tell Monica he doesn't like her massages.","Thu, Feb 4, 1999"
S5.E14 ∙ The One Where Everybody Finds Out,9.7/10 (13K),"When Phoebe finds out about Monica and Chandler, she and Rachel attempt to get them to confess their relationship.","Thu, Feb 11, 1999"
S5.E15 ∙ The One with the Girl Who Hits Joey,8.4/10 (4.9K),Ross makes enemies out of his new neighbors. Chandler freaks out about his relationship with Monica. Joey dates a girl who likes to playfully punch him but she doesn't realize she punches him too hard and Joey is reluctant to tell her.,"Thu, Feb 18, 1999"
S5.E16 ∙ The One with the Cop,8.5/10 (5K),"Joey has a dream about Monica and becomes convinced he is in love with her. Meanwhile, Phoebe finds a police badge in Central Perk, and Ross tries to get his new sofa into his apartment.","Thu, Feb 25, 1999"
S5.E17 ∙ The One with Rachel's Inadvertent Kiss,8.3/10 (4.7K),Rachel has an awkward encounter when she interviews for a new job. Monica becomes jealous of Phoebe and Gary. Joey searches for a 'hot girl' in Ross's building.,"Thu, Mar 18, 1999"
S5.E18 ∙ The One Where Rachel Smokes,7.8/10 (4.5K),"Rachel takes up smoking to feel more included at work. Joey auditions for a soup commercial with Ross's son Ben, but they end up competing against each other. Monica and Phoebe plan Rachel's surprise birthday party one month in advance.","Thu, Apr 8, 1999"
S5.E19 ∙ The One Where Ross Can't Flirt,8.6/10 (5K),"As Joey's grandmother visits to watch him on TV, Ross has trouble flirting with the pizza delivery girl, and Rachel tries to find an earring of Monica's that she has misplaced.","Thu, Apr 22, 1999"
S5.E20 ∙ The One with the Ride Along,8.1/10 (4.5K),The guys go on a ride-along with Gary where Ross thinks Joey saved his life which angers Chandler because he thinks Joey chose Ross over him. Rachel accidentally deletes a message from Emily on Ross's answering machine.,"Thu, Apr 29, 1999"
S5.E21 ∙ The One with the Ball,8.3/10 (4.7K),"Gary asks Phoebe to move in with him but she's reluctant. To overcome boredom, Ross and Joey start endlessly throwing a ball to each other. Rachel buys an expensive cat but it doesn't behave as she hoped it would.","Thu, May 6, 1999"
S5.E22 ∙ The One with Joey's Big Break,8.1/10 (4.5K),"Joey drives to Las Vegas to shoot a new movie where he is in the lead role. Rachel gets an eye infection but is reluctant to seek treatment because of her eye phobia. Phoebe is mad at Ross, but doesn't know why.","Tue, May 11, 1999"
S5.E23 ∙ The One in Vegas: Part 1,8.7/10 (5.1K),The gang go to Las Vegas to visit Joey. Chandler is angry when he finds out Monica had lunch with Richard. Ross and Rachel try to embarrass each other after an awkward encounter.,"Thu, May 20, 1999"
S5.E24 ∙ The One in Vegas: Part 2,9.0/10 (5.8K),Chandler and Monica reconcile and hastily decide to get married. Ross and Rachel get drunk and roam the casino. Phoebe deals with a 'lurker' on the slot machines.,"Thu, May 20, 1999"
S6.E1 ∙ The One After Vegas,8.6/10 (5K),Ross and Rachel deal with the aftermath of their drunken escapade. Phoebe and Joey take a road trip back to New York in Phoebe's grandmother's cab. Monica and Chandler ponder the idea of marriage.,"Thu, Sep 23, 1999"
S6.E2 ∙ The One Where Ross Hugs Rachel,8.0/10 (4.5K),Monica and Chandler try to tell Rachel and Joey that they're moving in together. Phoebe thinks that Ross didn't get the annulment because he still loves Rachel.,"Thu, Sep 30, 1999"
S6.E3 ∙ The One with Ross's Denial,8.0/10 (4.4K),Ross tries to deny he still has feelings for Rachel. Joey interviews for a new roommate. Monica and Chandler argue over what to do with the spare room when they move in together.,"Thu, Oct 7, 1999"
S6.E4 ∙ The One Where Joey Loses His Insurance,8.4/10 (4.6K),"Joey's health benefits lapse just as he develops a hernia. Ross is given a professorship at NYU and eager to impress his students, he puts on a fake English accent.","Thu, Oct 14, 1999"
S6.E5 ∙ The One with Joey's Porsche,8.0/10 (4.5K),"Ross and Rachel try to get an annulment, Joey finds the keys to a porsche in Central Perk, and Phoebe, Monica and Chandler babysit the triplets.","Thu, Oct 21, 1999"
S6.E6 ∙ The One on the Last Night,8.4/10 (4.6K),"On the last night before Chandler and Monica move in together, Monica and Rachel argue, and Chandler tries to give Joey money to help him pay the bills.","Thu, Nov 4, 1999"
S6.E7 ∙ The One Where Phoebe Runs,8.2/10 (4.6K),Rachel is embarrassed by Phoebe's odd running style. Joey gets a new roommate. Chandler tries to impress Monica by cleaning the apartment but forgets how everything is supposed to look.,"Thu, Nov 11, 1999"
S6.E8 ∙ The One with Ross' Teeth,8.3/10 (4.8K),Ross goes too far while trying to impress a date by over-whitening his teeth. Rachel uses gossip to get her boss to like her after Phoebe supposedly makes out with Ralph Lauren.,"Thu, Nov 18, 1999"
S6.E9 ∙ The One Where Ross Got High,9.1/10 (6.5K),Ross is forced to reveal the reason why Jack and Judy don't like Chandler. Rachel tries to make dessert for the gang. Joey and Ross try to get out of Thanksgiving when they are invited to hang out with Janine and her dancer friends.,"Thu, Nov 25, 1999"
S6.E10 ∙ The One with the Routine,8.5/10 (4.9K),"On the set of ""Dick Clark's New Year's Rockin' Eve"", Joey tries to kiss Janine at midnight and Monica and Ross resurrect their dance routine from high school. Meanwhile, Rachel, Phoebe and Chandler look for Monica's Christmas presents.","Thu, Dec 16, 1999"
S6.E11 ∙ The One with the Apothecary Table,7.9/10 (4.5K),"Joey is caught in the middle when Janine tells him she doesn't like Monica and Chandler. Meanwhile, Rachel buys an apothecary table from a store that Phoebe hates.","Thu, Jan 6, 2000"
S6.E12 ∙ The One with the Joke,7.8/10 (4.4K),"Chandler and Ross argue over a joke. Meanwhile, Joey reluctantly takes a waiter job at Central Perk, and Monica becomes annoyed when Phoebe says she would choose Rachel over her as a girlfriend.","Thu, Jan 13, 2000"
S6.E13 ∙ The One with Rachel's Sister,8.1/10 (4.6K),"Rachel's younger sister arrives in New York and goes on a date with Ross. Meanwhile, Monica won't admit that she is sick.","Thu, Feb 3, 2000"
S6.E14 ∙ The One Where Chandler Can't Cry,8.4/10 (4.7K),"Rachel tries to end the spark between Ross and Jill. When Chandler admits that he can't cry, Monica tries to make it happen. The gang discovers that Phoebe's sister, Ursula, is a porn star and is using Phoebe's name.","Thu, Feb 10, 2000"
S6.E15 ∙ The One That Could Have Been: Part 1,8.3/10 (4.8K),Barry and Mindy's impending divorce prompts the gang to fantasize about what their lives might be like if they'd all taken different courses.,"Thu, Feb 17, 2000"
S6.E16 ∙ The One That Could Have Been: Part 2,8.4/10 (4.7K),The gang continue to think about how different their lives could have been.,"Thu, Feb 17, 2000"
S6.E17 ∙ The One with Unagi,9.0/10 (6.3K),Rachel and Phoebe take self-defense classes. Chandler and Monica agree to give each other homemade presents for Valentine's Day. Joey tries to get money through medical research.,"Thu, Feb 24, 2000"
S6.E18 ∙ The One Where Ross Dates a Student,8.2/10 (4.5K),Ross jeopardizes his career when he starts dating a student from one of his palaeontology classes. Rachel and Phoebe's apartment catches fire.,"Thu, Mar 9, 2000"
S6.E19 ∙ The One with Joey's Fridge,8.1/10 (4.5K),Joey tries to get everyone to pay for his broken fridge. Ross becomes paranoid when Elizabeth makes plans for spring break. Monica and Chandler compete against Phoebe to find Rachel a date.,"Thu, Mar 23, 2000"
S6.E20 ∙ The One with Mac and C.H.E.E.S.E.,7.2/10 (4.8K),Chandler forgets to write down a message for Joey when the time of his audition for the lead in a TV show is changed.,"Thu, Apr 13, 2000"
S6.E21 ∙ The One Where Ross Meets Elizabeth's Dad,8.5/10 (4.8K),"Elizabeth's father takes an instant disliking to Ross. Joey almost gets fired from ""Mac and C.H.E.E.S.E."" after offending the operator of the robot. Phoebe writes a book based on Monica and Chandler.","Thu, Apr 27, 2000"
S6.E22 ∙ The One Where Paul's the Man,8.9/10 (5.4K),Paul threatens to have Ross fired from the university if he continues to date Elizabeth. The girls put their names down on a waiting list for a wedding venue and Joey tries to get his acting headshot onto the wall of a local laundromat.,"Thu, May 4, 2000"
S6.E23 ∙ The One with the Ring,8.4/10 (4.6K),Chandler and Phoebe go looking for an engagement ring for Monica. Rachel tries to get Paul to open up to her.,"Thu, May 11, 2000"
S6.E24 ∙ The One with the Proposal: Part 1,8.6/10 (4.8K),Chandler's plan to propose to Monica at dinner is interrupted by Richard. Joey accidentally buys a boat at a silent auction. Ross and Elizabeth's relationship comes to a crossroad.,"Thu, May 18, 2000"
S6.E25 ∙ The One with the Proposal: Part 2,9.2/10 (6.5K),"Chandler continues to pretend to hate the idea of marriage, unaware Richard wants Monica back. Meanwhile, Rachel and Phoebe discuss their 'back-up' plans.","Thu, May 18, 2000"
S7.E1 ∙ The One with Monica's Thunder,8.3/10 (4.7K),They all celebrate Monica and Chandler's engagement but Ross and Rachel upstage them by kissing. Joey dresses and acts like a nineteen-year-old for a role and Phoebe tries to persuade Monica and Chandler to let her sing at their wedding.,"Thu, Oct 12, 2000"
S7.E2 ∙ The One with Rachel's Book,8.1/10 (4.4K),"Monica learns her parents have spent her entire wedding fund. Phoebe temporarily moves into Ross's apartment, bringing her massage clients with her. Joey mocks Rachel when he finds an erotic novel she is reading.","Thu, Oct 12, 2000"
S7.E3 ∙ The One with Phoebe's Cookies,7.9/10 (4.4K),"Monica tries to figure out Phoebe's grandmother's secret cookie recipe. Meanwhile, Rachel tries to teach Joey how to sail, and Chandler has an awkward encounter when he tries to bond with Jack.","Thu, Oct 19, 2000"
S7.E4 ∙ The One with Rachel's Assistant,7.9/10 (4.4K),"Chaos ensues when Monica and Chandler decide to share each other's secrets. Rachel gets a promotion and interviews for an assistant. Joey is offered the chance to go back on ""Days of Our Lives"".","Thu, Oct 26, 2000"
S7.E5 ∙ The One with the Engagement Picture,7.9/10 (4.3K),"Chandler struggles to photograph well for his and Monica's engagement picture. Joey teaches Tag how to pick up women, much to Rachel's annoyance. Phoebe and Ross date a couple who are divorcing.","Thu, Nov 2, 2000"
S7.E6 ∙ The One with the Nap Partners,8.7/10 (5.2K),"Joey and Ross accidentally take a nap together - and much to their dismay, find that they like it. Phoebe and Rachel compete to become Monica's maid of honor.","Thu, Nov 9, 2000"
S7.E7 ∙ The One with Ross's Library Book,8.3/10 (4.5K),"Ross and Chandler discovers that Ross's book is in the section of the library where students go to have sex. Monica and Chandler run into Janice and she immediately invites herself to the wedding. They try to avoid her. Meanwhile, Rachel and Phoebe befriend Joey's girlfriend.","Thu, Nov 16, 2000"
S7.E8 ∙ The One Where Chandler Doesn't Like Dogs,8.0/10 (4.3K),"Ross struggles to name all 50 states in a game. Joey compromises Rachel's chances with her crush, Tag, during Thanksgiving dinner. Phoebe sneaks a dog into the apartment, making Chandler extremely nervous.","Thu, Nov 23, 2000"
S7.E9 ∙ The One with All the Candy,8.0/10 (4.3K),"Monica makes candy to get to know her neighbours, Rachel and Tag try to hide their relationship at work and Ross buys Phoebe a bike.","Thu, Dec 7, 2000"
S7.E10 ∙ The One with the Holiday Armadillo,8.4/10 (4.7K),"Ross wants to introduce Ben to Hanukkah. In order to entice Rachel to move back into their refurbished apartment, Phoebe must drive a wedge between Rachel and current roomie Joey.","Thu, Dec 14, 2000"
S7.E11 ∙ The One with All the Cheesecakes,8.4/10 (4.6K),Chandler refuses to give back a cheesecake accidentally delivered to his apartment; Phoebe gets angry with Joey when he blows off dinner with her for a date.,"Thu, Jan 4, 2001"
S7.E12 ∙ The One Where They're Up All Night,8.5/10 (4.7K),"After the gang head up to the roof to see a passing comet, separate events unfold that lead to them all having a sleepless night.","Thu, Jan 11, 2001"
S7.E13 ∙ The One Where Rosita Dies,8.3/10 (4.4K),Rachel breaks Joey's armchair. Phoebe takes a temp job in a call centre. Ross and Monica find out their parents are selling their childhood home.,"Thu, Feb 1, 2001"
S7.E14 ∙ The One Where They All Turn Thirty,8.4/10 (4.7K),Rachel's 30th birthday prompts the rest of the gang to reminisce about their own 30th celebrations.,"Thu, Feb 8, 2001"
S7.E15 ∙ The One with Joey's New Brain,8.3/10 (4.5K),Joey's character on Days of Our Lives wakes up from his coma with a brain transplant from one of the show's legendary characters. Ross practices the bagpipes for Monica and Chandler's wedding. Phoebe and Rachel compete for the same man.,"Thu, Feb 15, 2001"
S7.E16 ∙ The One with the Truth About London,8.6/10 (4.7K),"Chandler is shocked to find out who Monica really wanted to sleep with the night they first got together. Meanwhile, Rachel gets into trouble with Ross when she teaches Ben practical jokes.","Thu, Feb 22, 2001"
S7.E17 ∙ The One with the Cheap Wedding Dress,8.2/10 (4.3K),"Monica has to decide between her wedding dress and the band Chandler wants for the wedding. Joey and Ross date the same girl, and they both try to fight for her attention.","Thu, Mar 15, 2001"
S7.E18 ∙ The One with Joey's Award,8.2/10 (4.4K),Joey is nominated for a Soapy Award for his part on Days of Our Lives and Rachel is his date to the ceremony. Joey doesn't win the award but takes someone else's award home. Rachel convinces him to take it back because he can't be happy with an award he didn't win. One of Ross' students failed the midterms because he is in love with Ross and can't concentrate in class so Ross changes his grade. But now more students come to Ross pretending to be in love with him in order to get a better grade. When Rachel and Joey take the Soapy back the real winner just throws it away saying it's not good enough for her so Joey takes it back home. Monica really loves Chandler but it scares her that she will never have the rush of the beginning of meeting someone new again. Chandler reassures her and she realizes she is going to have a lot of new things with Chandler as well.,"Thu, Mar 29, 2001"
S7.E19 ∙ The One with Ross and Monica's Cousin,8.5/10 (4.9K),Joey auditions for a naked role in a big movie but the role becomes more complicated than he thought it would be. Rachel and Phoebe plan Monica's wedding shower; Ross becomes attracted to his cousin after she visits.,"Thu, Apr 19, 2001"
S7.E20 ∙ The One with Rachel's Big Kiss,8.2/10 (4.5K),Rachel's college friend can't remember a scandalous kiss from the past; Chandler and Ross argue for possession of Val Kilmer's tuxedo.,"Thu, Apr 26, 2001"
S7.E21 ∙ The One with the Vows,7.2/10 (4.4K),"Monica and Chandler are getting married in four weeks and have to write their vows, but neither has a clue what to say, so they reflect on their past.","Thu, May 3, 2001"
S7.E22 ∙ The One with Chandler's Dad,8.2/10 (4.4K),Ross and Rachel hit the freeway together when Monica's Porsche shows up again; Chandler and Monica go off to Vegas to find Chandler's estranged dad.,"Thu, May 10, 2001"
S7.E23 ∙ The One with Monica and Chandler's Wedding: Part 1,8.7/10 (4.9K),"So close to the wedding, Chandler suddenly realizes the overwhelming meaning of getting married. Meanwhile, Joey acts opposite a famous actor in a movie, but can't bring himself to tell him that he spits when he says his lines.","Thu, May 17, 2001"
S7.E24 ∙ The One with Monica and Chandler's Wedding: Part 2,9.1/10 (5.6K),Ross tries to find Chandler with Phoebe's help. Meanwhile Rachel tries to hinder Monica.,"Thu, May 17, 2001"
S8.E1 ∙ The One After I Do,8.6/10 (4.7K),The gang learns that Rachel is pregnant; Joey tries to impress a Broadway director who's dating Chandler's mom; Chandler's shoes make it hard for him to dance.,"Thu, Sep 27, 2001"
S8.E2 ∙ The One with the Red Sweater,9.0/10 (5.5K),"Monica, Phoebe and Joey advise Rachel to tell the father about the pregnancy. Chandler and Ross lose the wedding photos.","Thu, Oct 4, 2001"
S8.E3 ∙ The One Where Rachel Tells...,8.6/10 (4.5K),"Even on their honeymoon, Monica is pushy, and is annoyed that Chandler won't jump the line at the airport check-in - especially after the couple in front of them, also on their honeymoon, get bumped up to first class. They try to sneak into the first-class lounge, but are caught - but she at least manages to steal an orange. Joey and Phoebe find that Monica and Chandler have tricked them out of the keys to the master apartment; Joey hopes a false gas leak alert will make super Treeger use his key, but he makes a fireman use an axe, and the wrecked door calls for a big lie. Rachel is finally ready to tell who the father is - the others say they already know, except daddy Ross, who thinks she just wants another passionate night with him. After blaming everything on the condom manufacturer - as neither he nor Joey ever read the notice they are only 97% effective - Ross promises Rachel full support, and of course proposes - which she turns down, as they aren't in love. She refuses to admit she won't cope on her own, although she can't even see their baby on the first ultrasound.","Thu, Oct 11, 2001"
S8.E4 ∙ The One with the Videotape,9.2/10 (6.4K),"Ross and Rachel tell everyone about the night they were together. They have two different stories of how it happened until Ross accidentally reveals that he videotaped it. Not surprisingly, everyone wants to see it.","Thu, Oct 18, 2001"
S8.E5 ∙ The One with Rachel's Date,7.9/10 (4.3K),"Phoebe dates Monica's sous-chef Tim and Monica doesn't fire him for Phoebe's sake. When Phoebe decides to dump Tim, Monica can finally fire him. Rachel has a date with Kash, a co-star on Days of Our Lives. Ross thinks it's weird because whoever takes Rachel out, takes his baby out too. He always pictured that his next child would grow up in a happy family. Rachel's date was terrible because she made the mistake of mentioning she was pregnant. Ross reassures her it isn't so bad because when she has the baby she will love someone more than she ever loved anyone.","Thu, Oct 25, 2001"
S8.E6 ∙ The One with the Halloween Party,8.4/10 (4.7K),"Monica and Chandler decide to throw a Halloween party; Phoebe runs into Ursula and her fiancée, who knows nothing about the ""real"" Ursula.","Thu, Nov 1, 2001"
S8.E7 ∙ The One with the Stain,7.7/10 (4.3K),"Chandler hires a maid, whom Monica suspects is stealing her clothing; Eric has trouble forgetting Ursula when he breaks up with her to date Phoebe. Joey, Rachel and Ross try to change their living arrangements.","Thu, Nov 8, 2001"
S8.E8 ∙ The One with the Stripper,8.6/10 (4.8K),"Chandler finds out that Monica had a bachelorette party with a stripper, even though they promised not to have bachelor/bachelorette parties. Rachel takes Phoebe along to dinner with Rachel's dad, because she is afraid her dad will be really angry when she tells him she's pregnant. Mr. Green is delighted to hear he will be a grandfather, but freaks out when he finds out that Rachel isn't getting married - so she just tells him that Ross won't marry her. Monica feels bad about having had a bachelorette party, so she organizes a bachelor party including a stripper for Chandler. Joey is the only ""guest"", because Ross has a date with Mona that night, and Chandler is embarrassed and doesn't really want to have the party at all. The stripper arrives, but turns out to be a hooker. Mr. Green goes to see Ross to yell at him - but unfortunately for Ross, Mona is there, too, so they both start yelling at him. Rachel explains everything to her dad and to Mona, who makes up with Ross.","Thu, Nov 15, 2001"
S8.E9 ∙ The One with the Rumor,9.2/10 (7.8K),"Monica invites Will, an old school friend of her and Ross over for Thanksgiving dinner, unaware he isn't too fond of Rachel.","Thu, Nov 22, 2001"
S8.E10 ∙ The One with Monica's Boots,7.9/10 (4.3K),Monica's expensive new boots hurt her feet but she's determined to show Chandler her purchase was worth it; Ben goes to school with Sting's son. Joey's sister becomes pregnant which causes Joey to intervene and she asks Rachel for advice.,"Thu, Dec 6, 2001"
S8.E11 ∙ The One with Ross's Step Forward,7.8/10 (4.2K),Ross' new girlfriend Mona orders Christmas cards with a photo of them on the cover. Rachel's pregnancy hormones are affecting her psychologically. Chandler's boss causes him to see what his life would be like without Monica.,"Thu, Dec 13, 2001"
S8.E12 ∙ The One Where Joey Dates Rachel,8.4/10 (4.5K),Joey takes Rachel to dinner on a pretend date to practice his dating skills but soon develops romantic feelings for her; gang addicted to Ms. Pac-Man. Ross is assigned to teach a new class but the travel time becomes too difficult for him.,"Thu, Jan 10, 2002"
S8.E13 ∙ The One Where Chandler Takes a Bath,8.4/10 (4.4K),Monica turns Chandler on to the concept of taking a bath to relax; Ross and Rachel toss baby names around while deciding whether to learn the baby's sex. Joey struggles with his feelings for Rachel.,"Thu, Jan 17, 2002"
S8.E14 ∙ The One with the Secret Closet,8.0/10 (4.2K),"Chandler's very curious about a locked closet, but Monica won't tell him what is inside. Monica moans when Phoebe massages her which makes Phoebe uncomfortable. Ross is upset when he can't be more involved with Rachel's pregnancy issues.","Thu, Jan 31, 2002"
S8.E15 ∙ The One with the Birthing Video,8.2/10 (4.2K),"During Valentine's Day, Chandler discovers the miracle of birth seeing an extremely graphic video. Ross hides from Mona that Rachel is now living with him. Phoebe tries to help with Joey's depression caused by his feelings for Rachel.","Thu, Feb 7, 2002"
S8.E16 ∙ The One Where Joey Tells Rachel,8.1/10 (4.3K),"Ross freaks out when Joey tells him that he is in love with Rachel because Ross is afraid that they will get married and raise his kid together. Phoebe dates a guy called Don, who she thinks is Monica's soul-mate and introduces Don to Monica to see what will happen. Monica and Don get along perfectly. Ross goes to tell Joey that he doesn't hate him and Joey promises to never act on his feelings for Rachel because he won't jeopardize his friendship to Ross. But when Ross realizes that Joey really is in love for the first time he tells Joey to tell Rachel. When Joey tells Rachel it is clear that she doesn't feel the same way about Joey and they both start crying.","Thu, Feb 28, 2002"
S8.E17 ∙ The One with the Tea Leaves,7.9/10 (4.2K),"Chandler and Monica are happy together - their worst problem is his habit to put CDs in the wrong box and their different taste in music. Rachel is desperate to get back on good terms with Joey, so she takes Monica's advice to change the subject to something work-related. However in another uncomfortable conversation she manages to convince Joey that her boss, Mr. Zelner, wants to buy her baby. When Phoebe resumes reading tea leaves, she sees that she'll meet the man of her dreams soon, and takes that to be Jim, who she keeps bumping into. However she soon finds he isn't quite that nice, and may be too crazy even for her! Ross is determined to get his favorite pink ('light salmon shade') shirt back from Mona's, so he sneaks in with the key, and dives behind the couch when she enters with a studly new lover...","Thu, Mar 7, 2002"
S8.E18 ∙ The One in Massapequa,8.0/10 (4.2K),Everyone prepares for the Gellers' 35th wedding anniversary in Long Island; Monica struggles to prepare the perfect toast; Phoebe invites her new boyfriend Parker.,"Thu, Mar 28, 2002"
S8.E19 ∙ The One with Joey's Interview,7.2/10 (4.4K),"Joey prepares for his epic interview with Soap Opera Digest, reminiscing about his past acting experiences, his friends and his romantic life.","Thu, Apr 4, 2002"
S8.E20 ∙ The One with the Baby Shower,8.1/10 (4.2K),"Monica and Phoebe throw Rachel a baby shower but forget to invite Rachel's mom. Rachel realizes she has no idea how to look after the baby after the birth. Meanwhile, Joey auditions for a job as a host for a new game show called ""Bamboozled"", and Chandler and Ross help him practice.","Thu, Apr 25, 2002"
S8.E21 ∙ The One with the Cooking Class,8.0/10 (4.2K),"Monica's restaurant get a bad review. After confronting the critic who wrote it, she decides to join a cooking class, with Joey in tow. Rachel gets jealous when Ross hits it off with a woman at the baby department store.","Thu, May 2, 2002"
S8.E22 ∙ The One Where Rachel Is Late,8.2/10 (4.2K),Monica and Phoebe bet on when Rachel's baby will be born as the due date comes and goes as Rachel becomes extremely irritable; Chandler falls asleep at Joey's big movie premiere.,"Thu, May 9, 2002"
S8.E23 ∙ The One Where Rachel Has a Baby: Part 1,8.7/10 (4.5K),"Ross and Rachel go to the hospital to have their baby, but it's a long labor. They get stuck in a semi-private room, and many other couples come and go before Rachel is ready to deliver - the last couple being Janice and her new husband. Chandler and Monica decide to start trying to have a baby.","Thu, May 16, 2002"
S8.E24 ∙ The One Where Rachel Has a Baby: Part 2,8.8/10 (4.9K),"After Rachel gives birth to her baby, she must confront relationship issues around her.","Thu, May 16, 2002"
S9.E1 ∙ The One Where No One Proposes,8.5/10 (4.6K),"Rachel, Ross and Joey get together and figure out that no one was actually going to propose; Mr. Geller walks in on Monica and Chandler having sex.","Thu, Sep 26, 2002"
S9.E2 ∙ The One Where Emma Cries,8.4/10 (4.6K),"Chandler, having trouble getting enough sleep at home, falls asleep in a meeting and accidentally agrees to run his company's Tulsa office.","Thu, Oct 3, 2002"
S9.E3 ∙ The One with the Pediatrician,8.1/10 (4.3K),"Joey arranges a blind date for Phoebe. Chandler is leaving for Tulsa without Monica, because she has got a great job offer.","Thu, Oct 10, 2002"
S9.E4 ∙ The One with the Sharks,8.0/10 (4.3K),Monica thinks Chandler is sexually attracted to sea life after he switches the station from porn to a shark documentary in order to conceal his sordid viewing.,"Thu, Oct 17, 2002"
S9.E5 ∙ The One with Phoebe's Birthday Dinner,8.3/10 (4.4K),"Phoebe will celebrate her birthday by having a dinner with her friends at a fancy restaurant. But everybody is late to the dinner, due to a series of problems.","Thu, Oct 31, 2002"
S9.E6 ∙ The One with the Male Nanny,8.2/10 (4.6K),"Looking for a new nanny, Ross and Rachel hire a male nanny named Sandy. Monica tells Chandler that a guy at work is the funniest guy she has ever met.","Thu, Nov 7, 2002"
S9.E7 ∙ The One with Ross's Inappropriate Song,8.5/10 (4.6K),"Ross finds a way to make Emma laugh - singing ""Baby Got Back."" Meanwhile, Phoebe meets Mike's parents, and Joey and Chandler find a video tape in Richard's apartment.","Thu, Nov 14, 2002"
S9.E8 ∙ The One with Rachel's Other Sister,8.7/10 (5.1K),Rachel's middle sister shows up at Thanksgiving and causes arguments amongst the gang.,"Thu, Nov 21, 2002"
S9.E9 ∙ The One with Rachel's Phone Number,8.0/10 (4.2K),"Rachel is ready to start hanging out again. She and Phoebe go to a bar, where they meet two guys.","Thu, Dec 5, 2002"
S9.E10 ∙ The One with Christmas in Tulsa,7.2/10 (4.4K),"Chandler must spend Christmas in Tulsa, which Monica thinks he might have an affair with a former Miss Oklahoma runner-up while he is there. Chandler comes home early to announce that he quit his job.","Thu, Dec 12, 2002"
S9.E11 ∙ The One Where Rachel Goes Back to Work,7.8/10 (4.1K),"Chandler starts looking for a job and is anxious about having a baby, Rachel decides to go back to work, and Phoebe works as an extra on Joey's show.","Thu, Jan 9, 2003"
S9.E12 ∙ The One with Phoebe's Rats,7.7/10 (4.2K),Ross makes Joey stay away from their new nanny. Mike accidentally kills Phoebe's rat. Gavin gives Rachel a scarf and a kiss for her birthday.,"Thu, Jan 16, 2003"
S9.E13 ∙ The One Where Monica Sings,8.0/10 (4.2K),A night at Mike's piano bar gives Monica a very showy moment in the spotlight; Chandler employs his secret skill to repair Joey's botched eyebrow-waxing job.,"Thu, Jan 30, 2003"
S9.E14 ∙ The One with the Blind Dates,8.0/10 (4.1K),Phoebe and Joey purposely set Ross and Rachel up on bad dates in the hopes they'll get back together. Monica and Chandler babysit Emma.,"Thu, Feb 6, 2003"
S9.E15 ∙ The One with the Mugging,8.2/10 (4.2K),"Joey gets a part in a stage-play in a painful way. Ross and Phoebe are mugged outside Central Perk, Phoebe realizes that she mugged Ross 18 years ago. Chandler starts his new career as an advertising writer.","Thu, Feb 13, 2003"
S9.E16 ∙ The One with the Boob Job,8.0/10 (4.1K),"When Monica and Chandler both ask Joey for money not wanting the other to know why they are asking for it, Chandler sees that Joey gave money to Monica. Joey makes up that Monica is getting a boob job. Phoebe asks Mike to move in with her, but decides not to when she and Mike argue about their future. Rachel attempts to baby-proof the apartment, but makes Joey go insane when he can't open anything.","Thu, Feb 20, 2003"
S9.E17 ∙ The One with the Memorial Service,8.3/10 (4.2K),"When Chandler and Ross joke around on their college website, Ross is accused of being dead which leads to the fact that he was not popular in college. Joey is not willing to give his favorite stuffed animal, Hugsy, to Emma. Monica helps Phoebe not call Mike.","Thu, Mar 13, 2003"
S9.E18 ∙ The One with the Lottery,8.5/10 (4.4K),"Hoping to win a huge jackpot, the friends pool their money and buy dozens of lottery tickets. However, they bicker over how to spend the fortune if they win, and Monica irritates everyone else by buying tickets just for her and Chandler.","Thu, Apr 3, 2003"
S9.E19 ∙ The One with Rachel's Dream,7.9/10 (4.1K),"Nervous about his upcoming romantic scenes, Joey rehearses them with Rachel. Ross & Chandler get their money's worth on their weekend trip to Vermont while Phoebe takes advantage of Monica's clientele.","Thu, Apr 17, 2003"
S9.E20 ∙ The One with the Soap Opera Party,8.1/10 (4.1K),Joey throws a cast party on the roof of his building where he ends up making out with an attractive professor that Ross had a crush on.,"Thu, Apr 24, 2003"
S9.E21 ∙ The One with the Fertility Test,8.1/10 (4K),Joey comes to Ross for advice on dating Charlie. Chandler and Monica bump into Janice at a fertility clinic. Rachel has a gift certificate for a massage which Phoebe doesn't want her to use.,"Thu, May 1, 2003"
S9.E22 ∙ The One with the Donor,7.6/10 (4.1K),Rachel take Joey's girlfriend Charlie and Phoebe shopping. Ross presents his theory to get a chance to go a conference in Barbados. Monica and Chandler consider alternate pregnancy options.,"Thu, May 8, 2003"
S9.E23 ∙ The One in Barbados,8.5/10 (4.7K),The gang heads down to Barbados for the palaeontology conference.,"Thu, May 15, 2003"
S10.E1 ∙ The One After Joey and Rachel Kiss,8.4/10 (4.9K),Joey and Ross both attempt to come clean to each other that they're dating Rachel and Charlie. Phoebe finds out Mike has another girlfriend.,"Thu, Sep 25, 2003"
S10.E2 ∙ The One Where Ross Is Fine,8.7/10 (5.2K),Rachel and Joey fear for Ross's state of mind after he finds out about their relationship. Chandler and Monica visit some friends of Phoebe to get advice on adoption. Frank and the triplets come to visit.,"Thu, Oct 2, 2003"
S10.E3 ∙ The One with Ross's Tan,8.6/10 (5.1K),Ross goes to a tanning salon but fails to follow the 'simple' instructions. Joey and Rachel struggle to make the transition from friends to lovers. Monica and Phoebe try to avoid an annoying woman that used to live in their building.,"Thu, Oct 9, 2003"
S10.E4 ∙ The One with the Cake,8.2/10 (4.4K),"On Emma's first birthday, Ross and Rachel convince everyone to delay their plans so they can attend her party, however plans go awry when Emma's birthday cake is revealed.","Thu, Oct 23, 2003"
S10.E5 ∙ The One Where Rachel's Sister Babysits,8.0/10 (4.4K),Rachel's sister Amy comes to visit and moves in with her and Joey. Phoebe constantly and accidentally ruins Mike's proposals. Joey struggles to write a letter of recommendation for Monica and Chandler's adoption agency.,"Thu, Oct 30, 2003"
S10.E6 ∙ The One with Ross' Grant,8.0/10 (4.4K),Ross applies for a paleontology grant and finds out Charlie's ex-boyfriend reviews the applications. Monica and Rachel fight over who has to take Phoebe's ugly painting.,"Thu, Nov 6, 2003"
S10.E7 ∙ The One with the Home Study,8.1/10 (4.3K),Monica and Chandler nervously prepare for a visit from an adoption worker. Phoebe and Mike keep changing their minds about donating their wedding money to charity. Ross fights Rachel's fear of swings.,"Thu, Nov 13, 2003"
S10.E8 ∙ The One with the Late Thanksgiving,8.8/10 (5.1K),"Joey, Ross, Rachel and Phoebe convince Monica and Chandler to host Thanksgiving, however the four of them end up arriving to dinner an hour late.","Thu, Nov 20, 2003"
S10.E9 ∙ The One with the Birth Mother,8.5/10 (4.5K),"Nervous and excited, Monica and Chandler travel to Ohio to meet a young pregnant woman, Erica Simmons, who is considering allowing them to adopt her child when it's born.","Thu, Jan 8, 2004"
S10.E10 ∙ The One Where Chandler Gets Caught,7.8/10 (4.3K),Monica & Chandler look at real estate outside the city which leads to the rest of the gang reminiscing on all their memories of the apartment.,"Thu, Jan 15, 2004"
S10.E11 ∙ The One Where the Stripper Cries,8.9/10 (5.6K),Old secrets come to light when Ross and Chandler attend a college reunion. Monica and Rachel throw Phoebe a bachelorette party. Joey appears as a celebrity partner on a game show.,"Thu, Feb 5, 2004"
S10.E12 ∙ The One with Phoebe's Wedding,8.8/10 (5K),Chaos ensues as Phoebe and Mike prepare to get married.,"Thu, Feb 12, 2004"
S10.E13 ∙ The One Where Joey Speaks French,8.3/10 (4.8K),Phoebe tries to teach Joey to speak French for an audition; Ross and Rachel head out to Long Island after her dad has a heart attack.,"Thu, Feb 19, 2004"
S10.E14 ∙ The One with Princess Consuela,8.5/10 (4.6K),Phoebe ponders whether or not to changer her name. Monica & Chandler take Joey to visit the new house. Ross & Rachel set their eyes on their career profession.,"Thu, Feb 26, 2004"
S10.E15 ∙ The One Where Estelle Dies,8.4/10 (4.3K),"Ross tries to get Rachel to go back to Ralph Lauren, Joey doesn't know that his agent has died, and Monica and Chandler bump into Janice.","Thu, Apr 22, 2004"
S10.E16 ∙ The One with Rachel's Going Away Party,8.8/10 (5K),"The gang throws Rachel a goodbye party, during which she says goodbye to everybody individually.","Thu, Apr 29, 2004"
S10.E17 ∙ The Last One,9.6/10 (16K),"Phoebe races Ross to the airport in a bid to stop Rachel from leaving for Paris. Monica and Chandler pack up their apartment ahead of their move to their new house, and Joey buys Chandler a new chick and duck as a leaving present.","Thu, May 6, 2004"
